{"cameraMode":{"drawMode":0,"name":"Shaded","section":"Shading Mode"},"sceneLighting":false,"audioPlay":false,"sceneViewState":{"showFog":true,"showMaterialUpdate":false,"showSkybox":true,"showFlares":true,"showImageEffects":true,"showParticleSystems":true},"in2DMode":false,"pivot":{"x":-11.509078979492188,"y":9.439939498901368,"z":-49.81142807006836},"rotation":{"x":-0.36697328090667727,"y":-0.2967473566532135,"z":0.12343817949295044,"w":-0.8731192946434021},"size":0.9930741190910339,"orthographic":false}